<?xml version="1.0" encoding="utf-8"?>
<manifest xmlns="http://www.we7.cc" versionCode="">
	<application setting="true">
		<name><![CDATA[寻易生活]]></name>
		<identifie><![CDATA[xy_sh]]></identifie>
		<version><![CDATA[1.2]]></version>
		<type><![CDATA[services]]></type>
		<ability><![CDATA[生活便捷]]></ability>
		<description><![CDATA[生活便捷]]></description>
		<author><![CDATA[karlZh]]></author>
		<url><![CDATA[]]></url>
	</application>
	<platform>
		<subscribes>
			<message type="text" />
		</subscribes>
		<handles>
			<message type="text" />
		</handles>
		<rule embed="true" />
		<card embed="true" />
		<supports>
			<item type="app" />
		</supports>
	</platform>
	<bindings>
		<cover>
			<entry title="封面入口" do="webindex" state="" direct="" />
		</cover>
		<rule>
			<entry title="文字回复" do="replay" state="" direct="" />
		</rule>
		<menu>
			<entry title="商城管理" do="shop" state="" direct="" />
		</menu>
		<home>
			<entry title="导航菜单" do="navigate" state="" direct="" />
		</home>
		<profile>
			<entry title="会员中心" do="center" state="" direct="" />
		</profile>
		<shortcut>
			<entry title="快捷菜单" do="menus" state="" direct="" />
		</shortcut>
		<function>
			<entry title="独立功能" do="slone" state="" direct="" />
		</function>
	</bindings>
	<permissions>
	</permissions>
	<install><![CDATA[]]></install>
	<uninstall><![CDATA[]]></uninstall>
	<upgrade><![CDATA[]]></upgrade>
</manifest>